[{"name":"theme_info","theme_name":"Uneox","theme_author":"Shopifytemplate","theme_version":"4.0.0","theme_documentation_url":"http:\/\/apollotheme.com\/","theme_support_url":"https:\/\/apollotheme.com\/contact\/"},{"name":"Select layout 🕹️","settings":[{"type":"select","id":"header","label":"Header","default":"header-1","options":[{"value":"header-1","label":"Header 1"},{"value":"header-2","label":"Header 2"},{"value":"header-3","label":"Header 3"},{"value":"header-4","label":"Header 4"},{"value":"header-5","label":"Header 5"},{"value":"header-6","label":"Header 6"},{"value":"header-7","label":"Header 7"}]},{"type":"select","id":"slideshow","label":"Slideshow","default":"slideshow-1","options":[{"value":"slideshow-1","label":"Slideshow 1"},{"value":"slideshow-2","label":"Slideshow 2"},{"value":"slideshow-3","label":"Slideshow 3"},{"value":"slideshow-5","label":"Slideshow 4"},{"value":"slideshow-4","label":"Slideshow Hidden"}]},{"type":"select","id":"footer","label":"Footer","default":"footer-1","options":[{"value":"footer-1","label":"Footer 1"},{"value":"footer-2","label":"Footer 2"},{"value":"footer-3","label":"Footer 3"},{"value":"footer-4","label":"Footer 4"},{"value":"footer-5","label":"Footer 5"},{"value":"footer-6","label":"Footer 6"},{"value":"footer-7","label":"Footer 7"},{"value":"footer-8","label":"Footer 8"}]},{"type":"select","id":"pnewsletter","label":"Popup Newsletter","default":"pnewsletter-1","options":[{"value":"pnewsletter-1","label":"Style 1"},{"value":"pnewsletter-2","label":"Style 2"},{"value":"pnewsletter-3","label":"Style 3"}]},{"type":"header","content":"Template"},{"type":"select","id":"productpage","label":"Product page","info":"Apply for all products","default":"product-1","options":[{"value":"product-1","label":"Template Basic"},{"value":"product-2","label":"Template Full Sroll"},{"value":"product-3","label":"Template Thumb Left"},{"value":"product-4","label":"Template Thumb Right"},{"value":"product-5","label":"Template Thumb 2 Columns"},{"value":"product-6","label":"Template Grid"},{"value":"product-7","label":"Template No Thumb"},{"value":"product-8","label":"Template Thumb Scroll"},{"value":"product-9","label":"Template Basic Background"}]},{"type":"select","id":"collectionpage","label":"Collection page","info":"Apply for all collections","default":"collection-1","options":[{"value":"collection-1","label":"Template Sidebar Left"},{"value":"collection-2","label":"Template Sidebar Right"},{"value":"collection-3","label":"Template Full"},{"value":"collection-7","label":"Template Full Filter Dropdown"},{"value":"collection-4","label":"Template Masonry"},{"value":"collection-5","label":"Template Special"},{"value":"collection-6","label":"Template Infinity Scroll"}]},{"type":"select","id":"blogpage","label":"Blog page","default":"blog-1","options":[{"value":"blog-1","label":"Template 1"},{"value":"blog-2","label":"Template 2"},{"value":"blog-3","label":"Template 3"}]},{"type":"select","id":"articlepage","label":"Article page","default":"article-1","options":[{"value":"article-1","label":"Template 1"}]},{"type":"header","content":"Items"},{"type":"select","id":"productgrid","label":"Product grid","default":"product-1","options":[{"value":"product-1","label":"Layout 1"},{"value":"product-2","label":"Layout 2"},{"value":"product-3","label":"Layout 3"},{"value":"product-4","label":"Layout 4"},{"value":"product-5","label":"Layout 5"},{"value":"product-6","label":"Layout 6"},{"value":"product-7","label":"Layout 7"},{"value":"product-8","label":"Layout 8 Bg"},{"value":"product-9","label":"Layout 9"},{"value":"product-10","label":"Layout 10"}]},{"type":"select","id":"size_image_grid","label":"Size Image Product Grid","default":"auto","options":[{"value":"auto","label":"Natural"},{"value":"square","label":"Square (1:1)"},{"value":"landscape","label":"Landscape (4:3)"},{"value":"portrait","label":"Portrait (2:3)"},{"value":"wide","label":"Wide (16:9)"}]},{"type":"select","id":"sectionheading","label":"Section heading","default":"heading-1","options":[{"value":"heading-0","label":"Default"},{"value":"heading-1","label":"Layout 1"},{"value":"heading-2","label":"Layout 2"}]},{"type":"select","id":"collectiongrid","label":"Collection grid","default":"collection-1","options":[{"value":"collection-1","label":"Layout 1"},{"value":"collection-2","label":"Layout 2"}]},{"type":"select","id":"bloggrid","label":"Blog post","default":"blog-1","options":[{"value":"blog-1","label":"Layout 1"},{"value":"blog-2","label":"Layout 2"},{"value":"blog-3","label":"Layout 3"},{"value":"blog-4","label":"Layout 4"},{"value":"blog-5","label":"Layout 5"},{"value":"blog-6","label":"Layout 6"}]},{"type":"header","content":"Other"},{"type":"select","id":"loading","label":"Loading effect","default":"grow","options":[{"value":"border","label":"Border"},{"value":"grow","label":"Grow"}]},{"type":"color","id":"loading_color","label":"Loading color","default":"#6c757d"}]},{"name":"General settings","settings":[{"type":"header","content":"Bootstrap Grid"},{"type":"paragraph","content":"💡 [Refer to container width and gutter width in Bootstrap's grid.](https:\/\/getbootstrap.com\/docs\/4.0\/layout\/grid\/#grid-options)"},{"type":"range","id":"container","min":1200,"max":1920,"step":10,"unit":"px","label":"Container width","default":1200},{"type":"range","id":"gutter","min":10,"max":40,"step":2,"unit":"px","label":"Gutter width","default":30},{"type":"header","content":"Menu Drawer","info":"Support Header has Menu drawer"},{"type":"select","id":"drawer_menu","label":"Drawer Menu ","default":"drawer-default","options":[{"value":"drawer-default","label":"Drawer Left"},{"value":"drawer-popin","label":"Drawer Popup"}]},{"type":"header","content":"Logo"},{"type":"textarea","id":"logosvg","label":"Logo SVG","info":" If Logo Svg It will Logo Image"},{"type":"image_picker","id":"logo","label":"Logo image Dark"},{"type":"image_picker","id":"logo_white","label":"Logo image White"},{"type":"range","id":"logo_max_width","min":100,"max":300,"step":2,"unit":"px","label":"Custom logo width","default":140},{"type":"header","content":"Favicon"},{"type":"image_picker","id":"favicon","label":"Image","info":"Will be scaled down to 32 x 32px"},{"type":"header","content":"Safe checkout image"},{"type":"paragraph","content":"💡 [Find safe checkout image?](http:\/\/bit.ly\/2ZLhS4V)"},{"type":"image_picker","id":"safe_checkout_pcart","label":"Image in popup cart"},{"type":"image_picker","id":"safe_checkout_detail","label":"Image in product page"},{"type":"image_picker","id":"safe_checkout_cart","label":"Image in cart page"}]},{"name":"Colors","settings":[{"type":"header","content":"Theme color"},{"type":"color","id":"color_primary","label":"Primary color","default":"#ad2c34"},{"type":"color","id":"color_secondary","label":"Secondary color","default":"#348a5c"},{"type":"header","content":"Page"},{"type":"color","id":"color_body_bg","label":"Page background","default":"#fff"},{"type":"color","id":"color_content_bg","label":"Content background","default":"#fff"},{"type":"color","id":"color_body_headings","label":"Heading text","default":"#1a1a1a"},{"type":"color","id":"color_body_text","label":"Body text","default":"#666"},{"type":"color","id":"color_cta","label":"CTA Button color","default":"#000000"},{"type":"color","id":"color_button_bg","label":"Buttons, links, and promotion bar","default":"#006eff"},{"type":"color","id":"color_button_text","label":"Button text","default":"#fff"},{"type":"header","content":"Alert & message"},{"type":"color","id":"alert_text","label":"Text","default":"#fff"},{"type":"color","id":"alert_bg","label":"Background","default":"#000"},{"type":"color","id":"alert_bd","label":"Border","default":"#000"},{"type":"header","content":"Color Shipping bar"},{"type":"color","id":"shipping_bar","label":"Background Shipping Bar","default":"#343a40"},{"type":"color","id":"shipping_color","label":"Color Shipping Bar","default":"#ffffff"},{"type":"color","id":"shipping_active","label":"Background Shipping Bar Active","default":"#e26215"},{"type":"header","content":"Gradient color"},{"type":"checkbox","id":"gradient_enable","label":"Enable","default":true},{"type":"paragraph","content":"💡 Gradient color from left to right (or bottom to top)"},{"type":"color","id":"gradient_start","label":"Start","default":"#FF5F6D"},{"type":"color","id":"gradient_end","label":"End","default":"#FFC371"}]},{"name":"Typography","settings":[{"type":"header","content":"Custom Font Assets"},{"type":"checkbox","id":"font_family_custom","label":" Custom Font "},{"type":"header","content":"Font main"},{"type":"font_picker","id":"font_family","label":"Shopify font","default":"karla_n4"},{"type":"text","id":"font_family_google","label":"Google font","info":"💡 [Find more Google fonts](https:\/\/fonts.google.com)","default":"Staatliches"},{"type":"paragraph","content":"-> Set blank to use Shopify font"},{"type":"header","content":"Body Text"},{"type":"font_picker","id":"font_family2","label":"Shopify font","default":"unica_one_n4"},{"type":"text","id":"font_family2_google","label":"Google font","info":"💡 [Find more Google fonts](https:\/\/fonts.google.com)","default":"Staatliches"},{"type":"paragraph","content":" -> Set blank to use Shopify font"},{"type":"select","id":"type_base_size","label":"Size","default":"14px","options":[{"value":"13px","label":"13px"},{"value":"14px","label":"14px"},{"value":"15px","label":"15px"},{"value":"16px","label":"16px"},{"value":"17px","label":"17px"}]}]},{"name":"Button & Input","settings":[{"type":"header","content":"Animation Button"},{"type":"checkbox","label":"Enable Border Button","id":"borderbutton","default":true},{"type":"select","id":"animation_button","label":"Animation Button","default":"anime1","options":[{"value":"anime1","label":"Left To Right"},{"value":"anime2","label":"Right To Left"},{"value":"anime3","label":"Top To Bottom"},{"value":"anime4","label":"Bottom To Top"},{"value":"anime5","label":"Rotate Up"},{"value":"anime51","label":"Rotate Down"},{"value":"anime6","label":"Fade"}]},{"type":"header","content":"Input"},{"type":"select","id":"style_input","label":"Style Input","default":"styline","options":[{"value":"styline","label":"Style Line"},{"value":"stylebox","label":"Style Box"}]}]},{"name":"Navigation","settings":[{"type":"link_list","id":"main_linklist","label":"Menu","default":"main-menu"},{"type":"header","content":"Menu labels"},{"type":"paragraph","content":"💡 [In menu item titles](\/admin\/menus), use square brackets to create labels."},{"type":"paragraph","content":"💡 Example: Home[new], Blog[hot], Shop[sale]"},{"type":"color","id":"menu_label_text","label":"Text color","default":"#fff"},{"type":"color","id":"menu_label_new","label":"New labels","default":"#01bad4"},{"type":"color","id":"menu_label_hot","label":"Hot labels","default":"#d24418"},{"type":"color","id":"menu_label_sale","label":"Sale labels","default":"#ffa800"},{"type":"color","id":"menu_label_other","label":"Other labels","default":"#848484"},{"type":"header","content":"MEGAMENU 1"},{"type":"text","id":"apmenuitem_title_1","label":"Appears under the menu named:","info":"Enter menu item's name"},{"type":"range","id":"apmenuitem_width_1","min":0,"max":1920,"step":20,"label":"Megamenu width","default":0,"unit":"px","info":"Set the value to 0 for fullwidth megamenu"},{"type":"header","content":"MEGAMENU 1 - Links"},{"type":"checkbox","id":"apmenuitem_eblocklinks_1","label":"Enable"},{"type":"select","id":"apmenuitem_columns_blocklinks_1","label":"Width","options":[{"value":"1","label":"1\/12 (8.33%)"},{"value":"2","label":"2\/12 (16.67%)"},{"value":"3","label":"3\/12 (25.00%)"},{"value":"4","label":"4\/12 (33.33%)"},{"value":"5","label":"5\/12 (41.67%)"},{"value":"6","label":"6\/12 (50.00%)"},{"value":"7","label":"7\/12 (58.33%)"},{"value":"8","label":"8\/12 (66.67%)"},{"value":"9","label":"9\/12 (75.00%)"},{"value":"10","label":"10\/12 (83.33%)"},{"value":"11","label":"11\/12 (91.67%)"},{"value":"12","label":"12\/12 (100.00%)"}]},{"type":"select","id":"apmenuitem_columns_1","label":"Sublink width","options":[{"value":"1","label":"1\/12 (8.33%)"},{"value":"2","label":"2\/12 (16.67%)"},{"value":"3","label":"3\/12 (25.00%)"},{"value":"4","label":"4\/12 (33.33%)"},{"value":"5","label":"5\/12 (41.67%)"},{"value":"6","label":"6\/12 (50.00%)"},{"value":"7","label":"7\/12 (58.33%)"},{"value":"8","label":"8\/12 (66.67%)"},{"value":"9","label":"9\/12 (75.00%)"},{"value":"10","label":"10\/12 (83.33%)"},{"value":"11","label":"11\/12 (91.67%)"},{"value":"12","label":"12\/12 (100.00%)"}]},{"type":"header","content":"MEGAMENU 1 - Video"},{"type":"checkbox","id":"apmenuitem_evideo_1","label":"Enable"},{"type":"select","id":"apmenuitem_columns_blockvideo_1","label":"Width","options":[{"value":"1","label":"1\/12 (8.33%)"},{"value":"2","label":"2\/12 (16.67%)"},{"value":"3","label":"3\/12 (25.00%)"},{"value":"4","label":"4\/12 (33.33%)"},{"value":"5","label":"5\/12 (41.67%)"},{"value":"6","label":"6\/12 (50.00%)"},{"value":"7","label":"7\/12 (58.33%)"},{"value":"8","label":"8\/12 (66.67%)"},{"value":"9","label":"9\/12 (75.00%)"},{"value":"10","label":"10\/12 (83.33%)"},{"value":"11","label":"11\/12 (91.67%)"},{"value":"12","label":"12\/12 (100.00%)"}]},{"type":"textarea","id":"apmenuitem_cvideo_1","label":"Video Link","default":"https:\/\/cdn.shopify.com\/s\/files\/1\/0092\/7563\/7839\/files\/Videomenu.mp4?39752","info":"[Upload *.mp4 video here (<20mb)](\/admin\/settings\/files)"},{"type":"range","id":"apmenuitem_video_height_1","min":200,"max":800,"step":10,"unit":"px","label":"Video height","default":300},{"type":"checkbox","id":"apmenuitem_video_loop_1","label":"Loop video"},{"type":"checkbox","id":"apmenuitem_video_mute_1","label":"Muted"},{"type":"header","content":"MEGAMENU 1 - Products"},{"type":"checkbox","id":"apmenuitem_eproduct_1","label":"Enable"},{"type":"select","id":"apmenuitem_columns_blockproducts_1","label":"Width","options":[{"value":"1","label":"1\/12 (8.33%)"},{"value":"2","label":"2\/12 (16.67%)"},{"value":"3","label":"3\/12 (25.00%)"},{"value":"4","label":"4\/12 (33.33%)"},{"value":"5","label":"5\/12 (41.67%)"},{"value":"6","label":"6\/12 (50.00%)"},{"value":"7","label":"7\/12 (58.33%)"},{"value":"8","label":"8\/12 (66.67%)"},{"value":"9","label":"9\/12 (75.00%)"},{"value":"10","label":"10\/12 (83.33%)"},{"value":"11","label":"11\/12 (91.67%)"},{"value":"12","label":"12\/12 (100.00%)"}]},{"type":"text","id":"apmenuitem_tproduct_1","label":"Title"},{"type":"collection","id":"apmenuitem_cproduct_1","label":"Collection"},{"type":"header","content":"MEGAMENU 1 - Html"},{"type":"checkbox","id":"apmenuitem_ehtml_1","label":"Enable"},{"type":"select","id":"apmenuitem_columns_blockhtml_1","label":"Width","options":[{"value":"1","label":"1\/12 (8.33%)"},{"value":"2","label":"2\/12 (16.67%)"},{"value":"3","label":"3\/12 (25.00%)"},{"value":"4","label":"4\/12 (33.33%)"},{"value":"5","label":"5\/12 (41.67%)"},{"value":"6","label":"6\/12 (50.00%)"},{"value":"7","label":"7\/12 (58.33%)"},{"value":"8","label":"8\/12 (66.67%)"},{"value":"9","label":"9\/12 (75.00%)"},{"value":"10","label":"10\/12 (83.33%)"},{"value":"11","label":"11\/12 (91.67%)"},{"value":"12","label":"12\/12 (100.00%)"}]},{"type":"text","id":"apmenuitem_thtml_1","label":"Title"},{"type":"checkbox","id":"apmenuitem_eihtml_1","label":"Image"},{"type":"image_picker","id":"apmenuitem_ihtml_1","label":"Image"},{"type":"textarea","id":"apmenuitem_chtml_1","label":"Description","info":"[💡 Build HTML](https:\/\/ap2020.myshopify.com\/pages\/html-builder)"},{"type":"header","content":"MEGAMENU 2"},{"type":"text","id":"apmenuitem_title_2","label":"Appears under the menu named:","info":"Enter menu item's name"},{"type":"range","id":"apmenuitem_width_2","min":0,"max":1920,"step":20,"label":"Megamenu width","default":0,"unit":"px","info":"Set the value to 0 for fullwidth megamenu"},{"type":"header","content":"MEGAMENU 2 - Links"},{"type":"checkbox","id":"apmenuitem_eblocklinks_2","label":"Enable"},{"type":"select","id":"apmenuitem_columns_blocklinks_2","label":"Width","options":[{"value":"1","label":"1\/12 (8.33%)"},{"value":"2","label":"2\/12 (16.67%)"},{"value":"3","label":"3\/12 (25.00%)"},{"value":"4","label":"4\/12 (33.33%)"},{"value":"5","label":"5\/12 (41.67%)"},{"value":"6","label":"6\/12 (50.00%)"},{"value":"7","label":"7\/12 (58.33%)"},{"value":"8","label":"8\/12 (66.67%)"},{"value":"9","label":"9\/12 (75.00%)"},{"value":"10","label":"10\/12 (83.33%)"},{"value":"11","label":"11\/12 (91.67%)"},{"value":"12","label":"12\/12 (100.00%)"}]},{"type":"select","id":"apmenuitem_columns_2","label":"Sublink width","options":[{"value":"1","label":"1\/12 (8.33%)"},{"value":"2","label":"2\/12 (16.67%)"},{"value":"3","label":"3\/12 (25.00%)"},{"value":"4","label":"4\/12 (33.33%)"},{"value":"5","label":"5\/12 (41.67%)"},{"value":"6","label":"6\/12 (50.00%)"},{"value":"7","label":"7\/12 (58.33%)"},{"value":"8","label":"8\/12 (66.67%)"},{"value":"9","label":"9\/12 (75.00%)"},{"value":"10","label":"10\/12 (83.33%)"},{"value":"11","label":"11\/12 (91.67%)"},{"value":"12","label":"12\/12 (100.00%)"}]},{"type":"header","content":"MEGAMENU 2 - Video"},{"type":"checkbox","id":"apmenuitem_evideo_2","label":"Enable"},{"type":"select","id":"apmenuitem_columns_blockvideo_2","label":"Width","options":[{"value":"1","label":"1\/12 (8.33%)"},{"value":"2","label":"2\/12 (16.67%)"},{"value":"3","label":"3\/12 (25.00%)"},{"value":"4","label":"4\/12 (33.33%)"},{"value":"5","label":"5\/12 (41.67%)"},{"value":"6","label":"6\/12 (50.00%)"},{"value":"7","label":"7\/12 (58.33%)"},{"value":"8","label":"8\/12 (66.67%)"},{"value":"9","label":"9\/12 (75.00%)"},{"value":"10","label":"10\/12 (83.33%)"},{"value":"11","label":"11\/12 (91.67%)"},{"value":"12","label":"12\/12 (100.00%)"}]},{"type":"textarea","id":"apmenuitem_cvideo_2","label":"Video Link","default":"https:\/\/cdn.shopify.com\/s\/files\/1\/0092\/7563\/7839\/files\/Videomenu.mp4?39752","info":"[Upload *.mp4 video here (<20mb)](\/admin\/settings\/files)"},{"type":"range","id":"apmenuitem_video_height_2","min":200,"max":800,"step":10,"unit":"px","label":"Video height","default":300},{"type":"checkbox","id":"apmenuitem_video_loop_2","label":"Loop video"},{"type":"checkbox","id":"apmenuitem_video_mute_2","label":"Muted"},{"type":"header","content":"MEGAMENU 2 - Products"},{"type":"checkbox","id":"apmenuitem_eproduct_2","label":"Enable"},{"type":"select","id":"apmenuitem_columns_blockproducts_2","label":"Width","options":[{"value":"1","label":"1\/12 (8.33%)"},{"value":"2","label":"2\/12 (16.67%)"},{"value":"3","label":"3\/12 (25.00%)"},{"value":"4","label":"4\/12 (33.33%)"},{"value":"5","label":"5\/12 (41.67%)"},{"value":"6","label":"6\/12 (50.00%)"},{"value":"7","label":"7\/12 (58.33%)"},{"value":"8","label":"8\/12 (66.67%)"},{"value":"9","label":"9\/12 (75.00%)"},{"value":"10","label":"10\/12 (83.33%)"},{"value":"11","label":"11\/12 (91.67%)"},{"value":"12","label":"12\/12 (100.00%)"}]},{"type":"text","id":"apmenuitem_tproduct_2","label":"Title"},{"type":"collection","id":"apmenuitem_cproduct_2","label":"Collection"},{"type":"header","content":"MEGAMENU 2 - Html"},{"type":"checkbox","id":"apmenuitem_ehtml_2","label":"Enable"},{"type":"select","id":"apmenuitem_columns_blockhtml_2","label":"Width","options":[{"value":"1","label":"1\/12 (8.33%)"},{"value":"2","label":"2\/12 (16.67%)"},{"value":"3","label":"3\/12 (25.00%)"},{"value":"4","label":"4\/12 (33.33%)"},{"value":"5","label":"5\/12 (41.67%)"},{"value":"6","label":"6\/12 (50.00%)"},{"value":"7","label":"7\/12 (58.33%)"},{"value":"8","label":"8\/12 (66.67%)"},{"value":"9","label":"9\/12 (75.00%)"},{"value":"10","label":"10\/12 (83.33%)"},{"value":"11","label":"11\/12 (91.67%)"},{"value":"12","label":"12\/12 (100.00%)"}]},{"type":"text","id":"apmenuitem_thtml_2","label":"Title"},{"type":"checkbox","id":"apmenuitem_eihtml_2","label":"Image"},{"type":"image_picker","id":"apmenuitem_ihtml_2","label":"Image"},{"type":"textarea","id":"apmenuitem_chtml_2","label":"Description","info":"[💡 Build HTML](https:\/\/ap2020.myshopify.com\/pages\/html-builder)"},{"type":"header","content":"MEGAMENU 3"},{"type":"text","id":"apmenuitem_title_3","label":"Appears under the menu named:","info":"Enter menu item's name"},{"type":"range","id":"apmenuitem_width_3","min":0,"max":1920,"step":20,"label":"Megamenu width","default":0,"unit":"px","info":"Set the value to 0 for fullwidth megamenu"},{"type":"header","content":"MEGAMENU 3 - Links"},{"type":"checkbox","id":"apmenuitem_eblocklinks_3","label":"Enable"},{"type":"select","id":"apmenuitem_columns_blocklinks_3","label":"Width","options":[{"value":"1","label":"1\/12 (8.33%)"},{"value":"2","label":"2\/12 (16.67%)"},{"value":"3","label":"3\/12 (25.00%)"},{"value":"4","label":"4\/12 (33.33%)"},{"value":"5","label":"5\/12 (41.67%)"},{"value":"6","label":"6\/12 (50.00%)"},{"value":"7","label":"7\/12 (58.33%)"},{"value":"8","label":"8\/12 (66.67%)"},{"value":"9","label":"9\/12 (75.00%)"},{"value":"10","label":"10\/12 (83.33%)"},{"value":"11","label":"11\/12 (91.67%)"},{"value":"12","label":"12\/12 (100.00%)"}]},{"type":"select","id":"apmenuitem_columns_3","label":"Sublink width","options":[{"value":"1","label":"1\/12 (8.33%)"},{"value":"2","label":"2\/12 (16.67%)"},{"value":"3","label":"3\/12 (25.00%)"},{"value":"4","label":"4\/12 (33.33%)"},{"value":"5","label":"5\/12 (41.67%)"},{"value":"6","label":"6\/12 (50.00%)"},{"value":"7","label":"7\/12 (58.33%)"},{"value":"8","label":"8\/12 (66.67%)"},{"value":"9","label":"9\/12 (75.00%)"},{"value":"10","label":"10\/12 (83.33%)"},{"value":"11","label":"11\/12 (91.67%)"},{"value":"12","label":"12\/12 (100.00%)"}]},{"type":"header","content":"MEGAMENU 3 - Video"},{"type":"checkbox","id":"apmenuitem_evideo_3","label":"Enable"},{"type":"select","id":"apmenuitem_columns_blockvideo_3","label":"Width","options":[{"value":"1","label":"1\/12 (8.33%)"},{"value":"2","label":"2\/12 (16.67%)"},{"value":"3","label":"3\/12 (25.00%)"},{"value":"4","label":"4\/12 (33.33%)"},{"value":"5","label":"5\/12 (41.67%)"},{"value":"6","label":"6\/12 (50.00%)"},{"value":"7","label":"7\/12 (58.33%)"},{"value":"8","label":"8\/12 (66.67%)"},{"value":"9","label":"9\/12 (75.00%)"},{"value":"10","label":"10\/12 (83.33%)"},{"value":"11","label":"11\/12 (91.67%)"},{"value":"12","label":"12\/12 (100.00%)"}]},{"type":"textarea","id":"apmenuitem_cvideo_3","label":"Video Link","default":"https:\/\/cdn.shopify.com\/s\/files\/1\/0092\/7563\/7839\/files\/Videomenu.mp4?39752","info":"[Upload *.mp4 video here (<20mb)](\/admin\/settings\/files)"},{"type":"range","id":"apmenuitem_video_height_3","min":200,"max":800,"step":10,"unit":"px","label":"Video height","default":300},{"type":"checkbox","id":"apmenuitem_video_loop_3","label":"Loop video"},{"type":"checkbox","id":"apmenuitem_video_mute_3","label":"Muted"},{"type":"header","content":"MEGAMENU 3 - Products"},{"type":"checkbox","id":"apmenuitem_eproduct_3","label":"Enable"},{"type":"select","id":"apmenuitem_columns_blockproducts_3","label":"Width","options":[{"value":"1","label":"1\/12 (8.33%)"},{"value":"2","label":"2\/12 (16.67%)"},{"value":"3","label":"3\/12 (25.00%)"},{"value":"4","label":"4\/12 (33.33%)"},{"value":"5","label":"5\/12 (41.67%)"},{"value":"6","label":"6\/12 (50.00%)"},{"value":"7","label":"7\/12 (58.33%)"},{"value":"8","label":"8\/12 (66.67%)"},{"value":"9","label":"9\/12 (75.00%)"},{"value":"10","label":"10\/12 (83.33%)"},{"value":"11","label":"11\/12 (91.67%)"},{"value":"12","label":"12\/12 (100.00%)"}]},{"type":"text","id":"apmenuitem_tproduct_3","label":"Title"},{"type":"collection","id":"apmenuitem_cproduct_3","label":"Collection"},{"type":"header","content":"MEGAMENU 3 - Html"},{"type":"checkbox","id":"apmenuitem_ehtml_3","label":"Enable"},{"type":"select","id":"apmenuitem_columns_blockhtml_3","label":"Width","options":[{"value":"1","label":"1\/12 (8.33%)"},{"value":"2","label":"2\/12 (16.67%)"},{"value":"3","label":"3\/12 (25.00%)"},{"value":"4","label":"4\/12 (33.33%)"},{"value":"5","label":"5\/12 (41.67%)"},{"value":"6","label":"6\/12 (50.00%)"},{"value":"7","label":"7\/12 (58.33%)"},{"value":"8","label":"8\/12 (66.67%)"},{"value":"9","label":"9\/12 (75.00%)"},{"value":"10","label":"10\/12 (83.33%)"},{"value":"11","label":"11\/12 (91.67%)"},{"value":"12","label":"12\/12 (100.00%)"}]},{"type":"text","id":"apmenuitem_thtml_3","label":"Title"},{"type":"checkbox","id":"apmenuitem_eihtml_3","label":"Image"},{"type":"image_picker","id":"apmenuitem_ihtml_3","label":"Image"},{"type":"textarea","id":"apmenuitem_chtml_3","label":"Description","info":"[💡 Build HTML](https:\/\/ap2020.myshopify.com\/pages\/html-builder)"},{"type":"header","content":"MEGAMENU 4"},{"type":"text","id":"apmenuitem_title_4","label":"Appears under the menu named:","info":"Enter menu item's name"},{"type":"range","id":"apmenuitem_width_4","min":0,"max":1920,"step":20,"label":"Megamenu width","default":0,"unit":"px","info":"Set the value to 0 for fullwidth megamenu"},{"type":"header","content":"MEGAMENU 4 - Links"},{"type":"checkbox","id":"apmenuitem_eblocklinks_4","label":"Enable"},{"type":"select","id":"apmenuitem_columns_blocklinks_4","label":"Width","options":[{"value":"1","label":"1\/12 (8.33%)"},{"value":"2","label":"2\/12 (16.67%)"},{"value":"3","label":"3\/12 (25.00%)"},{"value":"4","label":"4\/12 (33.33%)"},{"value":"5","label":"5\/12 (41.67%)"},{"value":"6","label":"6\/12 (50.00%)"},{"value":"7","label":"7\/12 (58.33%)"},{"value":"8","label":"8\/12 (66.67%)"},{"value":"9","label":"9\/12 (75.00%)"},{"value":"10","label":"10\/12 (83.33%)"},{"value":"11","label":"11\/12 (91.67%)"},{"value":"12","label":"12\/12 (100.00%)"}]},{"type":"select","id":"apmenuitem_columns_4","label":"Sublink width","options":[{"value":"1","label":"1\/12 (8.33%)"},{"value":"2","label":"2\/12 (16.67%)"},{"value":"3","label":"3\/12 (25.00%)"},{"value":"4","label":"4\/12 (33.33%)"},{"value":"5","label":"5\/12 (41.67%)"},{"value":"6","label":"6\/12 (50.00%)"},{"value":"7","label":"7\/12 (58.33%)"},{"value":"8","label":"8\/12 (66.67%)"},{"value":"9","label":"9\/12 (75.00%)"},{"value":"10","label":"10\/12 (83.33%)"},{"value":"11","label":"11\/12 (91.67%)"},{"value":"12","label":"12\/12 (100.00%)"}]},{"type":"header","content":"MEGAMENU 4 - Video"},{"type":"checkbox","id":"apmenuitem_evideo_4","label":"Enable"},{"type":"select","id":"apmenuitem_columns_blockvideo_4","label":"Width","options":[{"value":"1","label":"1\/12 (8.33%)"},{"value":"2","label":"2\/12 (16.67%)"},{"value":"3","label":"3\/12 (25.00%)"},{"value":"4","label":"4\/12 (33.33%)"},{"value":"5","label":"5\/12 (41.67%)"},{"value":"6","label":"6\/12 (50.00%)"},{"value":"7","label":"7\/12 (58.33%)"},{"value":"8","label":"8\/12 (66.67%)"},{"value":"9","label":"9\/12 (75.00%)"},{"value":"10","label":"10\/12 (83.33%)"},{"value":"11","label":"11\/12 (91.67%)"},{"value":"12","label":"12\/12 (100.00%)"}]},{"type":"textarea","id":"apmenuitem_cvideo_4","label":"Video Link","default":"https:\/\/cdn.shopify.com\/s\/files\/1\/0092\/7563\/7839\/files\/Videomenu.mp4?39752","info":"[Upload *.mp4 video here (<20mb)](\/admin\/settings\/files)"},{"type":"range","id":"apmenuitem_video_height_4","min":200,"max":800,"step":10,"unit":"px","label":"Video height","default":300},{"type":"checkbox","id":"apmenuitem_video_loop_4","label":"Loop video"},{"type":"checkbox","id":"apmenuitem_video_mute_4","label":"Muted"},{"type":"header","content":"MEGAMENU 4 - Products"},{"type":"checkbox","id":"apmenuitem_eproduct_4","label":"Enable"},{"type":"select","id":"apmenuitem_columns_blockproducts_4","label":"Width","options":[{"value":"1","label":"1\/12 (8.33%)"},{"value":"2","label":"2\/12 (16.67%)"},{"value":"3","label":"3\/12 (25.00%)"},{"value":"4","label":"4\/12 (33.33%)"},{"value":"5","label":"5\/12 (41.67%)"},{"value":"6","label":"6\/12 (50.00%)"},{"value":"7","label":"7\/12 (58.33%)"},{"value":"8","label":"8\/12 (66.67%)"},{"value":"9","label":"9\/12 (75.00%)"},{"value":"10","label":"10\/12 (83.33%)"},{"value":"11","label":"11\/12 (91.67%)"},{"value":"12","label":"12\/12 (100.00%)"}]},{"type":"text","id":"apmenuitem_tproduct_4","label":"Title"},{"type":"collection","id":"apmenuitem_cproduct_4","label":"Collection"},{"type":"header","content":"MEGAMENU 4 - Html"},{"type":"checkbox","id":"apmenuitem_ehtml_4","label":"Enable"},{"type":"select","id":"apmenuitem_columns_blockhtml_4","label":"Width","options":[{"value":"1","label":"1\/12 (8.33%)"},{"value":"2","label":"2\/12 (16.67%)"},{"value":"3","label":"3\/12 (25.00%)"},{"value":"4","label":"4\/12 (33.33%)"},{"value":"5","label":"5\/12 (41.67%)"},{"value":"6","label":"6\/12 (50.00%)"},{"value":"7","label":"7\/12 (58.33%)"},{"value":"8","label":"8\/12 (66.67%)"},{"value":"9","label":"9\/12 (75.00%)"},{"value":"10","label":"10\/12 (83.33%)"},{"value":"11","label":"11\/12 (91.67%)"},{"value":"12","label":"12\/12 (100.00%)"}]},{"type":"text","id":"apmenuitem_thtml_4","label":"Title"},{"type":"checkbox","id":"apmenuitem_eihtml_4","label":"Image"},{"type":"image_picker","id":"apmenuitem_ihtml_4","label":"Image"},{"type":"textarea","id":"apmenuitem_chtml_4","label":"Description","info":"[💡 Build HTML](https:\/\/ap2020.myshopify.com\/pages\/html-builder)"},{"type":"header","content":"MEGAMENU 5"},{"type":"text","id":"apmenuitem_title_5","label":"Appears under the menu named:","info":"Enter menu item's name"},{"type":"range","id":"apmenuitem_width_5","min":0,"max":1920,"step":20,"label":"Megamenu width","default":0,"unit":"px","info":"Set the value to 0 for fullwidth megamenu"},{"type":"header","content":"MEGAMENU 5 - Links"},{"type":"checkbox","id":"apmenuitem_eblocklinks_5","label":"Enable"},{"type":"select","id":"apmenuitem_columns_blocklinks_5","label":"Width","options":[{"value":"1","label":"1\/12 (8.33%)"},{"value":"2","label":"2\/12 (16.67%)"},{"value":"3","label":"3\/12 (25.00%)"},{"value":"4","label":"4\/12 (33.33%)"},{"value":"5","label":"5\/12 (41.67%)"},{"value":"6","label":"6\/12 (50.00%)"},{"value":"7","label":"7\/12 (58.33%)"},{"value":"8","label":"8\/12 (66.67%)"},{"value":"9","label":"9\/12 (75.00%)"},{"value":"10","label":"10\/12 (83.33%)"},{"value":"11","label":"11\/12 (91.67%)"},{"value":"12","label":"12\/12 (100.00%)"}]},{"type":"select","id":"apmenuitem_columns_5","label":"Sublink width","options":[{"value":"1","label":"1\/12 (8.33%)"},{"value":"2","label":"2\/12 (16.67%)"},{"value":"3","label":"3\/12 (25.00%)"},{"value":"4","label":"4\/12 (33.33%)"},{"value":"5","label":"5\/12 (41.67%)"},{"value":"6","label":"6\/12 (50.00%)"},{"value":"7","label":"7\/12 (58.33%)"},{"value":"8","label":"8\/12 (66.67%)"},{"value":"9","label":"9\/12 (75.00%)"},{"value":"10","label":"10\/12 (83.33%)"},{"value":"11","label":"11\/12 (91.67%)"},{"value":"12","label":"12\/12 (100.00%)"}]},{"type":"header","content":"MEGAMENU 5 - Video"},{"type":"checkbox","id":"apmenuitem_evideo_5","label":"Enable"},{"type":"select","id":"apmenuitem_columns_blockvideo_5","label":"Width","options":[{"value":"1","label":"1\/12 (8.33%)"},{"value":"2","label":"2\/12 (16.67%)"},{"value":"3","label":"3\/12 (25.00%)"},{"value":"4","label":"4\/12 (33.33%)"},{"value":"5","label":"5\/12 (41.67%)"},{"value":"6","label":"6\/12 (50.00%)"},{"value":"7","label":"7\/12 (58.33%)"},{"value":"8","label":"8\/12 (66.67%)"},{"value":"9","label":"9\/12 (75.00%)"},{"value":"10","label":"10\/12 (83.33%)"},{"value":"11","label":"11\/12 (91.67%)"},{"value":"12","label":"12\/12 (100.00%)"}]},{"type":"textarea","id":"apmenuitem_cvideo_5","label":"Video Link","default":"https:\/\/cdn.shopify.com\/s\/files\/1\/0092\/7563\/7839\/files\/Videomenu.mp4?39752","info":"[Upload *.mp4 video here (<20mb)](\/admin\/settings\/files)"},{"type":"range","id":"apmenuitem_video_height_5","min":200,"max":800,"step":10,"unit":"px","label":"Video height","default":300},{"type":"checkbox","id":"apmenuitem_video_loop_5","label":"Loop video"},{"type":"checkbox","id":"apmenuitem_video_mute_5","label":"Muted"},{"type":"header","content":"MEGAMENU 5 - Products"},{"type":"checkbox","id":"apmenuitem_eproduct_5","label":"Enable"},{"type":"select","id":"apmenuitem_columns_blockproducts_5","label":"Width","options":[{"value":"1","label":"1\/12 (8.33%)"},{"value":"2","label":"2\/12 (16.67%)"},{"value":"3","label":"3\/12 (25.00%)"},{"value":"4","label":"4\/12 (33.33%)"},{"value":"5","label":"5\/12 (41.67%)"},{"value":"6","label":"6\/12 (50.00%)"},{"value":"7","label":"7\/12 (58.33%)"},{"value":"8","label":"8\/12 (66.67%)"},{"value":"9","label":"9\/12 (75.00%)"},{"value":"10","label":"10\/12 (83.33%)"},{"value":"11","label":"11\/12 (91.67%)"},{"value":"12","label":"12\/12 (100.00%)"}]},{"type":"text","id":"apmenuitem_tproduct_5","label":"Title"},{"type":"collection","id":"apmenuitem_cproduct_5","label":"Collection"},{"type":"header","content":"MEGAMENU 5 - Html"},{"type":"checkbox","id":"apmenuitem_ehtml_5","label":"Enable"},{"type":"select","id":"apmenuitem_columns_blockhtml_5","label":"Width","options":[{"value":"1","label":"1\/12 (8.33%)"},{"value":"2","label":"2\/12 (16.67%)"},{"value":"3","label":"3\/12 (25.00%)"},{"value":"4","label":"4\/12 (33.33%)"},{"value":"5","label":"5\/12 (41.67%)"},{"value":"6","label":"6\/12 (50.00%)"},{"value":"7","label":"7\/12 (58.33%)"},{"value":"8","label":"8\/12 (66.67%)"},{"value":"9","label":"9\/12 (75.00%)"},{"value":"10","label":"10\/12 (83.33%)"},{"value":"11","label":"11\/12 (91.67%)"},{"value":"12","label":"12\/12 (100.00%)"}]},{"type":"text","id":"apmenuitem_thtml_5","label":"Title"},{"type":"checkbox","id":"apmenuitem_eihtml_5","label":"Image"},{"type":"image_picker","id":"apmenuitem_ihtml_5","label":"Image"},{"type":"textarea","id":"apmenuitem_chtml_5","label":"Description","info":"[💡 Build HTML](https:\/\/ap2020.myshopify.com\/pages\/html-builder)"}]},{"name":"Breadcrumb","settings":[{"type":"header","content":"Breadcrumb"},{"type":"checkbox","id":"enable_breadcrumb","label":"Enable Breadcrumb","default":true},{"type":"header","content":"--* Breadcrumbs *--"},{"type":"color","id":"color_breadcrumbs","label":"Color Breadcrumbs","default":"#666666"},{"type":"color","id":"color_breadcrumbs_active","label":"Color Breadcrumbs Active","default":"#222222"},{"type":"color","id":"bg_breadcrumb","label":"Background Breadcrumbs","default":"#f4efe9"},{"type":"range","id":"limit_ranger","min":0,"max":0.9,"step":0.1,"label":"Opacity Color","default":0},{"type":"text","id":"paddingbreadcrumb","label":"Padding Breadrumb","default":"0px 0px 0px 0px","info":"Padding: Top Right Bottom Left"},{"type":"text","id":"paddingmobilebreadcrumb","label":"Padding Section Breadrumb","default":"60px 0px 60px 0px","info":"Padding: Top Right Bottom Left"},{"type":"text","id":"marginbreadcrumb","label":"Margin Breadrumb","default":"0px 0px 0px 0px","info":"Margin: Top Right Bottom Left"},{"type":"text","id":"marginmobilebreadcrumb","label":"Margin Breadrumb","default":"0px 0px 0px 0px","info":"Margin: Top Right Bottom Left"},{"type":"checkbox","id":"show_title_breadcumbs","label":"Show Big Title"},{"type":"select","id":"align_bread","label":"Alignment Title Breadcrumbs ","options":[{"value":"left","label":"Left"},{"value":"center","label":"Center"},{"value":"right","label":"Right"}],"default":"left"},{"type":"select","id":"style_breadcrumb","label":"Style Breadcrumbs","options":[{"value":"style_1","label":"Default"},{"value":"style_2","label":"Style Background"}],"default":"style_1"},{"type":"select","id":"layout_bread","label":"Layout Breadcrumbs","options":[{"value":"container","label":"Container"},{"value":"container-fluid","label":"Container Fluid"}],"default":"container"},{"type":"image_picker","id":"img_breadcrumb","label":"Background Breadcrumbs"}]},{"name":"Social media","settings":[{"type":"header","content":"Social sharing image"},{"type":"image_picker","id":"share_image","label":"Image","info":"Shown when sharing a link on social media. [Learn more](https:\/\/help.shopify.com\/manual\/using-themes\/troubleshooting\/showing-social-media-thumbnail-images\/) about image thumbnails."},{"type":"header","content":"Accounts"},{"type":"text","id":"social_facebook_link","label":"Facebook","info":"https:\/\/www.facebook.com\/shopify"},{"type":"text","id":"social_twitter_link","label":"Twitter","info":"https:\/\/twitter.com\/shopify"},{"type":"text","id":"social_pinterest_link","label":"Pinterest","info":"https:\/\/www.pinterest.com\/shopify"},{"type":"text","id":"social_instagram_link","label":"Instagram","info":"https:\/\/instagram.com\/shopify"},{"type":"text","id":"social_tumblr_link","label":"Tumblr","info":"http:\/\/shopify.tumblr.com"},{"type":"text","id":"social_snapchat_link","label":"Snapchat","info":"https:\/\/www.snapchat.com\/add\/shopify"},{"type":"text","id":"social_youtube_link","label":"YouTube","info":"https:\/\/www.youtube.com\/user\/shopify"},{"type":"text","id":"social_vimeo_link","label":"Vimeo","info":"https:\/\/vimeo.com\/shopify"},{"type":"header","content":"Sharing"},{"type":"checkbox","id":"share_facebook","label":"Share on Facebook","default":true},{"type":"checkbox","id":"share_twitter","label":"Tweet on Twitter","default":true},{"type":"checkbox","id":"share_pinterest","label":"Pin on Pinterest","default":true}]},{"name":"Sidebar","settings":[{"type":"header","content":"List of collections"},{"type":"checkbox","id":"categories_block_enable","label":"Enable"},{"type":"checkbox","id":"categories_block_productcount","label":"Show quantity"},{"type":"checkbox","id":"categories_block_collapse","label":"Expand collapse"},{"type":"text","id":"categories_block_title","label":"Title","default":"Collections"},{"type":"text","id":"categories_block_number","label":"Number displayed","default":"10","info":"The number of collections displayed"},{"type":"textarea","id":"categories_block_items","label":"Show selected collections","info":"Use \",\" to separate collection items. For ex: Category, Collections"},{"type":"header","content":"List of vendors"},{"type":"checkbox","id":"shop_by_vendor_enable","label":"Enable"},{"type":"checkbox","id":"shop_by_vendor_collapse","label":"Expand collapse"},{"type":"text","id":"shop_by_vendor_title","label":"Title","default":"Vendors"},{"type":"text","id":"shop_by_vendor_number","label":"Number displayed","default":"10","info":"The number of vendors displayed"},{"type":"textarea","id":"shop_by_vendor_custom_list","label":"Show selected vendors","info":"Use \",\" to separate vendor items. For ex: Vendor 1, Vendor 2"},{"type":"header","content":"List of types"},{"type":"checkbox","id":"shop_by_type_enable","label":"Enable"},{"type":"checkbox","id":"shop_by_type_collapse","label":"Expand collapse"},{"type":"text","id":"shop_by_type_title","label":"Title","default":"Types"},{"type":"text","id":"shop_by_type_number","label":"Number displayed","default":"10","info":"The number of types displayed"},{"type":"textarea","id":"shop_by_type_custom_list","label":"Show selected types","info":"Use \",\" to separate type items. For ex: Type 1, Type 2"}]},{"name":"Sidebar blog pages","settings":[{"type":"header","content":"HTML"},{"type":"text","id":"sidebar_html_title_top","default":"Something here","label":"Title"},{"type":"textarea","id":"sidebar_html_top","label":"HTML code","info":"[💡 Build HTML](https:\/\/ap2020.myshopify.com\/pages\/html-builder)"},{"type":"header","content":"Tags"},{"type":"checkbox","id":"sidebar_tag","default":true,"label":"Show tags"},{"type":"header","content":"Recent Post"},{"type":"checkbox","id":"sidebar_post","default":true,"label":"Enable"},{"type":"text","id":"sidebar_post_title","default":"Recent Post","label":"Title"},{"type":"range","id":"sidebar_post_limit","min":2,"max":6,"step":1,"label":"Limit","default":5},{"type":"header","content":"HTML"},{"type":"text","id":"sidebar_html_title","default":"Something here","label":"Title"},{"type":"textarea","id":"sidebar_html","label":"HTML code","info":"[💡 Build HTML](https:\/\/ap2020.myshopify.com\/pages\/html-builder)"}]},{"name":"Collection filter","settings":[{"type":"header","content":"Price range"},{"type":"checkbox","id":"price_range_enable","label":"Enable"},{"type":"text","id":"price_range_title","label":"Title","default":"Price range"},{"type":"header","content":"Filter"},{"type":"checkbox","id":"shop_by_catalog_enable","label":"Enable"},{"type":"text","id":"shop_by_catalog_title","label":"Title","default":"Filter"},{"type":"paragraph","content":"💡 [Filter works with product tags. You need to add tags here](\/admin\/bulk?resource_name=Product&order=title+asc&edit=tags&show=&ids=&metafield_titles=&metafield_options=)"},{"type":"header","content":"Filter 1"},{"type":"text","id":"filter_title_1","label":"Title","default":"Size"},{"type":"textarea","id":"filter_list_1","label":"Value list (lowercase)","default":"tiny,small,medium,large,big","info":"Separate by a comma (Example: \"tiny,small,medium,large,big\")"},{"type":"header","content":"Filter 2"},{"type":"text","id":"filter_title_2","label":"Title","default":"Material"},{"type":"textarea","id":"filter_list_2","label":"Value list (lowercase)","default":"gold,silver,wood,iron,pvc,polyester,linen,organic cotton","info":"Separate by a comma (Example: \"gold,silver,wood,iron,pvc,polyester,linen,organic cotton\")"},{"type":"header","content":"Filter 3"},{"type":"text","id":"filter_title_3","label":"Title","default":"Other"},{"type":"textarea","id":"filter_list_3","label":"Value list (lowercase)","default":"gift,new,sale,hot,deal","info":"Separate by a comma (Example: \"gift,new,sale,hot,deal\")"},{"type":"header","content":"Color filter"},{"type":"checkbox","id":"shop_by_color_enable","label":"Enable"},{"type":"text","id":"shop_by_color_title","label":"Title","default":"Color"},{"type":"text","id":"shop_by_color_text_1","label":"Color 1"},{"type":"image","id":"color-1.png","label":"Image 1"},{"type":"text","id":"shop_by_color_text_2","label":"Color 2"},{"type":"image","id":"color-2.png","label":"Image 2"},{"type":"text","id":"shop_by_color_text_3","label":"Color 3"},{"type":"image","id":"color-3.png","label":"Image 3"},{"type":"text","id":"shop_by_color_text_4","label":"Color 4"},{"type":"image","id":"color-4.png","label":"Image 4"},{"type":"text","id":"shop_by_color_text_5","label":"Color 5"},{"type":"image","id":"color-5.png","label":"Image 5"},{"type":"text","id":"shop_by_color_text_6","label":"Color 6"},{"type":"image","id":"color-6.png","label":"Image 6"},{"type":"text","id":"shop_by_color_text_7","label":"Color 7"},{"type":"image","id":"color-7.png","label":"Image 7"},{"type":"text","id":"shop_by_color_text_8","label":"Color 8"},{"type":"image","id":"color-8.png","label":"Image 8"},{"type":"text","id":"shop_by_color_text_9","label":"Color 9"},{"type":"image","id":"color-9.png","label":"Image 9"},{"type":"text","id":"shop_by_color_text_10","label":"Color 10"},{"type":"image","id":"color-10.png","label":"Image 10"},{"type":"text","id":"shop_by_color_text_11","label":"Color 11"},{"type":"image","id":"color-11.png","label":"Image 11"},{"type":"text","id":"shop_by_color_text_12","label":"Color 12"},{"type":"image","id":"color-12.png","label":"Image 12"},{"type":"text","id":"shop_by_color_text_13","label":"Color 13"},{"type":"image","id":"color-13.png","label":"Image 13"},{"type":"text","id":"shop_by_color_text_14","label":"Color 14"},{"type":"image","id":"color-14.png","label":"Image 14"},{"type":"text","id":"shop_by_color_text_15","label":"Color 15"},{"type":"image","id":"color-15.png","label":"Image 15"},{"type":"text","id":"shop_by_color_text_16","label":"Color 16"},{"type":"image","id":"color-16.png","label":"Image 16"},{"type":"text","id":"shop_by_color_text_17","label":"Color 17"},{"type":"image","id":"color-17.png","label":"Image 17"},{"type":"text","id":"shop_by_color_text_18","label":"Color 18"},{"type":"image","id":"color-18.png","label":"Image 18"},{"type":"text","id":"shop_by_color_text_19","label":"Color 19"},{"type":"image","id":"color-19.png","label":"Image 19"},{"type":"text","id":"shop_by_color_text_20","label":"Color 20"},{"type":"image","id":"color-20.png","label":"Image 20"}]},{"name":"Collection metafields","settings":[{"type":"header","content":"Coupon popup"},{"type":"paragraph","content":"💡 Work with [discount code](\/admin\/discounts)."},{"type":"paragraph","content":"💡 Set blank to make hidden. You can use HTML in promotion text."},{"type":"paragraph","content":"💡 [Enter coupon code here.](\/admin\/bulk?resource_name=Collection&edit=metafields.info.coupon_code%3Astring%2Cmetafields.info.promotion%3Astring%2Cmetafields.info.coupon_image%3Astring)"},{"type":"range","id":"coupon_time","min":1,"max":10,"step":0.1,"unit":"s","label":"Delay time before show popup:","default":3}]},{"name":"Product metafields 🔥","settings":[{"type":"header","content":"🔀 Cross-sell"},{"type":"paragraph","content":"💡 Work with product handle, separate values by a comma."},{"type":"paragraph","content":"💡 Example: \"product-handle-1,product-handle-2,product-handle-3,product-handle-4\""},{"type":"paragraph","content":"💡 Set blank to make hidden."},{"type":"paragraph","content":"💡 [Enter product handle here (Crossell column).](\/admin\/bulk?resource_name=Product&edit=metafields.info.crosssell%3Astring%2Chandle)"},{"type":"text","id":"crosssell_title","default":"Cross-selling","info":"This title shows with the products are setup","label":"Title"},{"type":"header","content":"⬆️ Upsell"},{"type":"paragraph","content":"💡 Work with product handle and [automatic discount code](\/admin\/discounts\/automatic). Discount codes will automatically apply when your customer checkout"},{"type":"paragraph","content":"💡 [Enter product handle and promotion text here.](\/admin\/bulk?resource_name=Product&edit=metafields.info.upsell%3Astring%2Cmetafields.info.promotion%3Astring%2Chandle)"},{"type":"paragraph","content":"⚠️ Enter only ONE product handle (Upsell column)"},{"type":"image","id":"upsell_image.png","label":"Logo offer","info":"80x80 pixels recommended","max-width":200,"max-height":200},{"type":"text","id":"upsell_accept","default":"Yes, let me select variants","label":"Button accept"},{"type":"text","id":"upsell_decline","default":"No, thanks","label":"Button decline"},{"type":"range","id":"upsell_time","min":1,"max":10,"step":0.1,"unit":"s","label":"Delay time before show popup","default":3},{"type":"header","content":" Second Image"},{"type":"checkbox","id":"second_image","label":"Enable Second Image","default":true},{"type":"header","content":"📹 Product video"},{"type":"checkbox","id":"enablevideo","label":"Enable Video Item","default":false},{"type":"checkbox","id":"video_mute","label":"Disable sound","default":true},{"type":"paragraph","content":"💡 [You can upload video here.](\/admin\/settings\/files) (*.mp4 file)"},{"type":"paragraph","content":"💡 [Enter video link here for each product.](\/admin\/bulk?resource_name=Product&edit=metafields.info.video)"},{"type":"header","content":"🔗 Affiliate product"},{"type":"paragraph","content":"💡 [Enter affiliate link here.](\/admin\/bulk?resource_name=Product&edit=metafields.info.affiliate_link,metafields.info.affiliate_button)"},{"type":"header","content":"🚚 Free shipping"},{"type":"checkbox","id":"free_shipping_enable","label":"Enable","default":true},{"type":"range","id":"free_shipping_value","min":0,"max":1000,"step":10,"label":"Minimum order value to be free shipping","default":100},{"type":"text","id":"free_shipping_text","default":"Your order is free delivery !","label":"Text"},{"type":"paragraph","content":"💡 [Setup your store shipping here](\/admin\/settings\/shipping)"},{"type":"header","content":"🚚 Shipping time"},{"type":"paragraph","content":"💡 [Enter shipping time for each product here (days).](\/admin\/bulk?resource_name=Product&edit=metafields.info.shipping)"},{"type":"text","id":"shipping_button","default":"Delivery information","label":"Shipping button"},{"type":"page","id":"page_shipping","label":"Shipping page"},{"type":"header","content":"⌛ Deal - countdown"},{"type":"checkbox","id":"enable_countdown_page","label":"Show in product page."},{"type":"checkbox","id":"enable_countdown_card","label":"Show in product grid item."},{"type":"paragraph","content":"⏱ [Enter the end times here.](\/admin\/bulk?resource_name=Product&edit=metafields.info.countdown)"},{"type":"paragraph","content":"💡 Example: 2025-12-30T00:00:00"},{"type":"paragraph","content":"💡 Set blank to make hidden."}]},{"name":"Product labels 🏷️","settings":[{"type":"header","content":"🏷️ New label"},{"type":"checkbox","id":"new_label_enable","default":true,"label":"Enable"},{"type":"text","id":"new_label_text","default":"New","label":"Text"},{"type":"color","id":"new_label_bg","default":"#34bf49","label":"Background"},{"type":"color","id":"new_label_cl","default":"#ffffff","label":"Text"},{"type":"range","id":"new_label_day","min":1,"max":100,"step":1,"label":"Number of days for which the product is considered 'new'","default":30},{"type":"header","content":"🏷️ Sale label"},{"type":"checkbox","id":"sale_label_enable","default":true,"label":"Enable"},{"type":"text","id":"sale_label_text","default":"On Sale","label":"Text"},{"type":"select","id":"tagsale","label":"Tag Sale Product","default":"percent","options":[{"value":"percent","label":"%"},{"value":"txt","label":"Text"}]},{"type":"color","id":"sale_label_bg","default":"#eb7025","label":"Background"},{"type":"color","id":"sale_label_cl","default":"#ffffff","label":"Text"}]},{"name":"Compare & Wishlist","settings":[{"type":"header","content":"Compare"},{"type":"checkbox","id":"enable_compare","label":"Enable"},{"type":"header","content":"Wishlist"},{"type":"checkbox","id":"enable_wishlsit","label":"Enable"},{"type":"page","id":"page_wishlist","label":"Wishlist page","info":"[Create new page](\/admin\/pages\/new) and select template suffix is page.wishlist"}]},{"name":"Cookie policy","settings":[{"type":"checkbox","id":"cookie_enable","default":true,"label":"Enable"},{"type":"radio","id":"style_cookie","label":"Style Cookie","options":[{"value":"style1","label":"Style 1"},{"value":"style2","label":"Style 2"}]},{"type":"textarea","id":"cookie_message","default":"This website uses cookies to ensure you get the best experience on our website.","label":"Message"},{"type":"url","id":"cookie_url","label":"Privacy Policy URL"},{"type":"text","id":"cookie_url_text","default":"Learn More","label":"Info link text"},{"type":"text","id":"cookie_ok","default":"Got it!","label":"Accept button text"}]},{"name":"Multi Currencies","settings":[{"type":"checkbox","id":"show_multiple_currencies","label":"Multi Currencies"},{"type":"paragraph","content":"💡 Although you will be able to display prices on your store front in different currencies, Shopify will still process orders in your shop's currency."},{"type":"paragraph","content":"💡 For this functionality to work in your shop, you are required to edit your money formats as per [these instructions](https:\/\/help.shopify.com\/en\/manual\/using-themes\/change-the-layout\/help-script-find-money-formats)."},{"type":"paragraph","content":"💡 Use the ISO 4217 3-letter currency code. Click [here](http:\/\/www.xe.com\/iso4217.php) for a complete list of currency codes. Example: USD."},{"type":"header","content":"List currencies"},{"type":"textarea","id":"list_currencies","label":"Currency codes","default":"EUR,AUD,GBP,JPY,CAD","info":"[See the full list of currency codes](http:\/\/www.xe.com\/iso4217.php)"}]},{"name":"404 Page","settings":[{"type":"header","content":"Settings"},{"type":"image_picker","id":"image_404","label":"404 image"},{"type":"color","id":"found_text_color","label":"Text color","default":"#ff847b"},{"type":"text","id":"found_html","label":"Title 404","default":"404 Error"},{"type":"textarea","id":"sub_404","label":"Description","default":"Oops, This Page Could Not Be Found!","info":"[💡 Build HTML](https:\/\/ap2020.myshopify.com\/pages\/html-builder)"},{"type":"text","id":"found_btnleft_text","label":"Button Text"},{"type":"url","id":"found_btnleft_link","label":"Button Link"}]}]